{"graph_0": {"_type": "graph-file", "path": "media/graph/graph_0_summary_084a1906.graph.json", "sha256": "084a1906b54b6a76d2bd2855f1934e50f1e9e3344c1af93fafef13ec08aa94be", "size": 2830}, "_step": 2, "ADR loss0": 0.5947049474716186, "_runtime": 556.8675591945648, "micro aucroc0": 0.6501480837002445, "_timestamp": 1610347747.1354444, "macro aucroc0": 0.5120392838151344, "micro test aucroc0": 0.7295521484649494, "macro aucroc1": 0.5070023469947372, "micro test aucroc4": 0.7329663835006683, "micro test aucroc2": 0.7324518409415823, "macro test aucroc0": 0.604980981299126, "micro aucroc2": 0.6544333414481899, "ADR loss4": 0.5960118381182352, "macro test aucroc3": 0.6051984803046316, "micro test aucroc3": 0.7332562824440146, "ADR loss2": 0.5949975951512655, "macro test aucroc1": 0.5986125647213739, "macro aucroc3": 0.5134962386652547, "micro test aucroc1": 0.736026953994098, "micro aucroc3": 0.6516660420405579, "micro aucroc1": 0.6502197158298548, "macro test aucroc2": 0.6113211129990013, "ADR loss3": 0.5972927602132162, "macro aucroc4": 0.5111145907189178, "micro aucroc4": 0.6513414976461807, "ADR loss1": 0.599975810845693, "macro test aucroc4": 0.6009269872249619, "macro aucroc2": 0.5204256118592087}
