{"graph_0": {"_type": "graph-file", "path": "media/graph/graph_0_summary_5590d116.graph.json", "sha256": "5590d116f030019dbab5eb9698ce5f7f7f686a7bbdacdf8999e83e315ec3ca8d", "size": 2824}, "_step": 2, "ADR loss0": 0.5912379431724548, "macro aucroc0": 0.5162700842644129, "_timestamp": 1610347934.8810124, "micro aucroc0": 0.6511210031480696, "_runtime": 142.33824014663696, "macro test aucroc0": 0.6053527340401424, "micro test aucroc0": 0.7265272217091985}
