{"graph_0": {"_type": "graph-file", "path": "media/graph/graph_0_summary_17e6cff4.graph.json", "sha256": "17e6cff4a81d325420f4dcba54bd38bfdc5bac6b89ff0ede70b0f9d90ce3a311", "size": 2830}, "_runtime": 505.2772641181946, "_step": 14, "macro aucroc0": 0.5122864117543655, "micro aucroc0": 0.6503443640991822, "ADR loss0": 0.5970773045221964, "_timestamp": 1610348981.6805036, "micro test aucroc0": 0.7282920348476002, "macro test aucroc0": 0.6037155397313674, "macro aucroc1": 0.5072251857464123, "ADR loss1": 0.5995687286059062, "micro aucroc1": 0.6488412099619514, "macro test aucroc1": 0.5976311868382221, "micro test aucroc1": 0.7336993570682653, "ADR loss2": 0.6053195524215699, "micro aucroc2": 0.6476562653018609, "macro aucroc2": 0.5092487103790977, "macro test aucroc2": 0.6081241379185662, "micro test aucroc2": 0.7290991846168856, "ADR loss3": 0.5969253198305766, "macro aucroc3": 0.5167545141985778, "micro aucroc3": 0.6552453890902024, "micro test aucroc3": 0.7311673155847054, "macro test aucroc3": 0.6031207697681461, "micro aucroc4": 0.653301428196119, "ADR loss4": 0.5959831428527832, "macro aucroc4": 0.5121415111096488, "micro test aucroc4": 0.7339641628979853, "macro test aucroc4": 0.6019554480404187}
