{"graph_0": {"_type": "graph-file", "path": "media/graph/graph_0_summary_5c4ea650.graph.json", "sha256": "5c4ea650ae4f72c0487c4312e85b162fd2c2624a17f7ebb69a0926ad93cd210d", "size": 2830}, "_timestamp": 1610346987.509487, "_runtime": 571.4437727928162, "macro aucroc0": 0.5111741394155365, "ADR loss0": 0.5998153789838155, "micro aucroc0": 0.648890096833762, "_step": 1, "micro test aucroc1": 0.7262213814688886, "macro aucroc3": 0.5171136385917554, "macro test aucroc1": 0.5951538376205713, "ADR loss1": 0.6007485651969909, "ADR loss4": 0.5950959229469299, "ADR loss2": 0.597615180015564, "macro test aucroc2": 0.6052805139967198, "micro test aucroc4": 0.7337702986450134, "micro aucroc3": 0.6527678708254941, "micro test aucroc0": 0.7257249933720424, "macro aucroc4": 0.5105894542346616, "macro test aucroc4": 0.5952728744137225, "macro test aucroc3": 0.6097921007083432, "micro aucroc4": 0.6519979125542301, "micro aucroc1": 0.6485090480983547, "macro aucroc1": 0.5107031459014629, "micro aucroc2": 0.6451585165951409, "macro aucroc2": 0.5051503349681593, "macro test aucroc0": 0.6019714465312869, "ADR loss3": 0.6029057995478312, "micro test aucroc2": 0.734574168096672, "micro test aucroc3": 0.7324970718737822}
