{"graph_0": {"_type": "graph-file", "path": "media/graph/graph_0_summary_9bcbc36f.graph.json", "sha256": "9bcbc36fc4c70c030f87f7520980a1f79832b1fd2b2e1da14919b97c294d8be3", "size": 2830}, "_timestamp": 1610349120.2567015, "macro aucroc0": 0.5092012119794388, "_runtime": 491.5744948387146, "_step": 14, "ADR loss0": 0.5921864819526672, "micro aucroc0": 0.6483185486554979, "macro test aucroc0": 0.6011341762762525, "micro test aucroc0": 0.7294145100642495, "macro aucroc1": 0.5129038399284608, "ADR loss1": 0.6012413279215495, "micro aucroc1": 0.6527616583797612, "micro test aucroc1": 0.7320743484023566, "macro test aucroc1": 0.5970706486575088, "micro aucroc2": 0.6516339506911031, "ADR loss2": 0.5986828025182088, "macro aucroc2": 0.5123641534647461, "macro test aucroc2": 0.6162562377825646, "micro test aucroc2": 0.7407839475924763, "micro aucroc3": 0.6563963670027585, "macro aucroc3": 0.5185387127250354, "ADR loss3": 0.595341657002767, "macro test aucroc3": 0.6033022420793885, "micro test aucroc3": 0.7326539956061027, "macro aucroc4": 0.5105142374902559, "micro aucroc4": 0.6506590143656062, "ADR loss4": 0.592842390537262, "micro test aucroc4": 0.7357050463694219, "macro test aucroc4": 0.6022337242323592}
