{"graph_0": {"_type": "graph-file", "path": "media/graph/graph_0_summary_8bf30f56.graph.json", "sha256": "8bf30f5655e7bc4fb8879ca45115f0c718e2f7ff2abe08f6f12d2ad35fcdef8e", "size": 2824}, "macro aucroc0": 0.5057254433949772, "_step": 2, "_runtime": 135.48204684257507, "_timestamp": 1610348451.1819096, "micro aucroc0": 0.6479959988974378, "ADR loss0": 0.6001275769869486, "micro test aucroc0": 0.7300597128322445, "macro test aucroc0": 0.5972089028499579}
